date,version,equity,cash,positions_value,daily_pnl,cum_return,exposure,gate,max_positions
2026-08-13,1,100000.0,100000.0,0.0,0.0,0.0,1.0,0.33,20
2026-08-14,1,98782.32,0.0,98782.32,-1217.68,-0.0122,1.0,0.33,20
2026-08-25,1,94063.75,-226.75,94290.51,-4718.57,-0.0594,1.0,0.33,20
2026-09-02,1,92994.48,-202.91,93197.38,-1069.27,-0.0701,1.0,0.33,20
2026-09-03,1,93498.76,-526.58,94025.35,504.28,-0.065,1.0,0.33,20
2026-09-04,1,94236.89,-301.79,94538.67,738.13,-0.0576,1.0,0.33,20
2026-09-08,1,94941.27,478.85,94462.42,704.38,-0.0506,1.0,0.33,20
2026-09-09,1,94947.9,234.47,94713.43,6.63,-0.0505,1.0,0.33,20
2026-09-10,1,93531.13,64.55,93466.58,-1416.77,-0.0647,1.0,0.33,20
2026-09-11,1,94332.93,-7.7,94340.63,801.8,-0.0567,1.0,0.33,20
2026-09-14,1,94072.21,-533.4,94605.61,-260.72,-0.0593,1.0,0.33,20
2026-09-15,1,95440.91,-1600.15,97041.05,1368.7,-0.0456,1.0,0.33,20
2026-09-16,1,96074.81,-1656.21,97731.01,633.9,-0.0393,1.0,0.33,20
2026-09-17,1,98711.85,-1687.47,100399.32,2637.04,-0.0129,1.0,0.33,20
2026-09-18,1,98183.3,-1740.3,99923.6,-528.55,-0.0182,1.0,0.33,20
2026-09-21,1,100681.31,-355.87,101037.17,2498.01,0.0068,1.0,0.33,20
2026-09-22,1,101549.82,-541.84,102091.66,868.51,0.0155,1.0,0.33,20
2026-09-23,1,101615.53,128.41,101487.12,65.71,0.0162,1.0,0.33,20
2026-09-24,1,103064.0,78.9,102985.1,1448.47,0.0306,1.0,0.33,20
2026-09-25,1,102805.91,220.28,102585.63,-258.09,0.0281,1.0,0.33,20
2026-09-28,1,102460.29,314.82,102145.47,-345.62,0.0246,1.0,0.33,20
2026-09-29,1,102885.64,354.64,102531.0,425.35,0.0289,1.0,0.33,20
2026-09-30,1,103370.89,505.4,102865.49,485.25,0.0337,1.0,0.33,20
2026-10-01,1,104642.43,354.13,104288.3,1271.54,0.0464,1.0,0.33,20
2026-10-02,1,106144.06,-44.24,106188.3,1501.63,0.0614,1.0,0.33,20
2026-10-05,1,106565.34,-44.24,106609.58,421.28,0.0657,1.0,0.33,20
2026-10-06,1,106628.31,-112.84,106741.16,62.97,0.0663,1.0,0.33,20
2026-10-07,1,105735.25,-806.64,106541.89,-893.06,0.0574,1.0,0.33,20
2026-10-08,1,105242.45,-1352.98,106595.43,-492.8,0.0524,1.0,0.33,20
