date,side,ticker,shares,ref_price,fill_price,commission,sec,taf,total_fee,cash_after
2026-08-14,buy,AIR,34.370272,145.46,145.4746,0.0,0.0,0.0,0.0,95000.0
2026-08-14,buy,ASML,2.718316,1839.1899,1839.3739,0.0,0.0,0.0,0.0,90000.0
2026-08-14,buy,TWLO,19.933416,250.81,250.8351,0.0,0.0,0.0,0.0,85000.0
2026-08-14,buy,TRGP,18.544828,269.59,269.617,0.0,0.0,0.0,0.0,80000.0
2026-08-14,buy,TER,12.178753,410.51,410.5511,0.0,0.0,0.0,0.0,75000.0
2026-08-14,buy,STLD,19.071869,262.14,262.1662,0.0,0.0,0.0,0.0,70000.0
2026-08-14,buy,SLAB,22.911415,218.21,218.2318,0.0,0.0,0.0,0.0,65000.0
2026-08-14,buy,PSX,21.488438,232.66,232.6833,0.0,0.0,0.0,0.0,60000.0
2026-08-14,buy,PANW,12.600816,396.76,396.7997,0.0,0.0,0.0,0.0,55000.0
2026-08-14,buy,ONTO,14.826512,337.2,337.2337,0.0,0.0,0.0,0.0,50000.0
2026-08-14,buy,OKTA,32.011143,156.18,156.1956,0.0,0.0,0.0,0.0,45000.0
2026-08-14,buy,NUE,18.313187,273.0,273.0273,0.0,0.0,0.0,0.0,40000.0
2026-08-14,buy,MRK,37.190362,134.43,134.4434,0.0,0.0,0.0,0.0,35000.0
2026-08-14,buy,MPC,14.004594,356.99,357.0257,0.0,0.0,0.0,0.0,30000.0
2026-08-14,buy,LRCX,15.042425,332.36,332.3932,0.0,0.0,0.0,0.0,25000.0
2026-08-14,buy,LLY,4.187151,1194.01,1194.1294,0.0,0.0,0.0,0.0,20000.0
2026-08-14,buy,FTNT,30.162896,165.75,165.7666,0.0,0.0,0.0,0.0,15000.0
2026-08-14,buy,DELL,10.079637,496.0,496.0496,0.0,0.0,0.0,0.0,10000.0
2026-08-14,buy,CRWD,22.059213,226.64,226.6627,0.0,0.0,0.0,0.0,5000.0
2026-08-14,buy,VLO,14.579202,342.92,342.9543,0.0,0.0,0.0,0.0,0.0
2026-08-17,sell,LLY,4.187151,1174.57,1174.4525,0.0,0.11,0.01,0.12,4917.49
2026-08-17,sell,OKTA,32.011143,148.65,148.6351,0.0,0.1,0.01,0.11,9675.36
2026-08-17,buy,AMD,9.621895,514.51,514.5615,0.0,0.0,0.0,0.0,4724.3
2026-08-17,buy,CAT,5.728457,864.205,864.2914,0.0,0.0,0.0,0.0,-226.75
2026-08-26,sell,CAT,5.728457,816.255,816.1734,0.0,0.1,0.01,0.11,4448.55
2026-08-26,sell,TER,12.178753,366.515,366.4783,0.0,0.1,0.01,0.11,8911.69
2026-08-26,sell,STLD,19.071869,231.25,231.2269,0.0,0.1,0.01,0.11,13321.51
2026-08-26,sell,PANW,12.600816,330.455,330.422,0.0,0.09,0.01,0.1,17485.0
2026-08-26,sell,CRWD,22.059213,182.345,182.3268,0.0,0.09,0.01,0.1,21506.88
2026-08-26,sell,MRK,6.934646,154.88,154.8645,0.0,0.03,0.01,0.04,22580.77
2026-08-26,sell,TRGP,2.249781,287.575,287.5462,0.0,0.02,0.01,0.03,23227.66
2026-08-26,buy,AMAT,9.77153,479.52,479.568,0.0,0.0,0.0,0.0,18541.55
2026-08-26,buy,MRVL,19.529213,239.93,239.954,0.0,0.0,0.0,0.0,13855.43
2026-08-26,buy,FCX,59.057778,79.34,79.3479,0.0,0.0,0.0,0.0,9169.32
2026-08-26,buy,MU,5.060091,926.0,926.0926,0.0,0.0,0.0,0.0,4483.21
2026-08-26,buy,TGT,28.66188,163.48,163.4963,0.0,0.0,0.0,0.0,-202.91
2026-09-03,sell,FCX,59.057778,75.34,75.3325,0.0,0.1,0.01,0.1115,4245.95
2026-09-03,sell,AMAT,9.77153,432.415,432.3718,0.0,0.09,0.01,0.1,8470.78
2026-09-03,sell,LRCX,15.042425,279.7,279.672,0.0,0.09,0.01,0.1,12677.63
2026-09-03,sell,MRVL,19.529213,204.425,204.4046,0.0,0.09,0.01,0.1,16669.39
2026-09-03,sell,ONTO,14.826512,248.0,247.9752,0.0,0.08,0.01,0.09,20345.91
2026-09-03,sell,PSX,3.402921,256.32,256.2944,0.0,0.02,0.01,0.03,21218.03
2026-09-03,sell,MPC,1.963681,384.995,384.9565,0.0,0.02,0.01,0.03,21973.93
2026-09-03,sell,VLO,1.861234,364.5,364.4635,0.0,0.02,0.01,0.03,22652.25
2026-09-03,buy,OKTA,27.801256,166.73,166.7467,0.0,0.0,0.0,0.0,18016.48
2026-09-03,buy,CRWD,22.215689,208.65,208.6709,0.0,0.0,0.0,0.0,13380.72
2026-09-03,buy,TSM,11.243368,412.27,412.3112,0.0,0.0,0.0,0.0,8744.95
2026-09-03,buy,PANW,13.918785,333.025,333.0583,0.0,0.0,0.0,0.0,4109.18
2026-09-03,buy,STLD,18.439428,251.38,251.4051,0.0,0.0,0.0,0.0,-526.58
2026-09-04,sell,TSM,11.243368,420.855,420.8129,0.0,0.1,0.01,0.11,4204.66
2026-09-04,sell,AIR,34.370272,125.26,125.2475,0.0,0.09,0.01,0.1,8509.35
2026-09-04,sell,DELL,1.005559,513.98,513.9286,0.0,0.02,0.01,0.03,9026.11
2026-09-04,buy,LRCX,15.319231,304.42,304.4504,0.0,0.0,0.0,0.0,4362.16
2026-09-04,buy,MRVL,22.029762,211.69,211.7112,0.0,0.0,0.0,0.0,-301.79
