ticker,structural,decision,news_tilt,themes
VLO,0.6787039316880592,0.7387039316880593,0.4,energy
MPC,0.6749276309366385,0.7349276309366386,0.4,energy
PSX,0.6551135511204426,0.7151135511204425,0.4,energy
AMD,0.6524503248250326,0.7124503248250327,0.4,"ai,semis"
TWLO,0.6546803121644883,0.6996803121644883,0.3,ai
DELL,0.6402768054716435,0.6852768054716435,0.3,ai
SLAB,0.6218008611587355,0.6818008611587354,0.4,semis
INTC,0.619340380360965,0.679340380360965,0.4,semis
MU,0.6192439313633884,0.6792439313633885,0.4,semis
TER,0.6191035082855301,0.6791035082855301,0.4,semis
FORM,0.6169918018679702,0.6769918018679701,0.4,semis
MRVL,0.6145907715378232,0.6745907715378232,0.4,semis
ASML,0.6110747200963166,0.6710747200963165,0.4,semis
FTNT,0.6706204837602607,0.6706204837602607,0.0,cyber
TRGP,0.6034335651937129,0.6634335651937129,0.4,energy
LRCX,0.5994922196641731,0.659492219664173,0.4,semis
ONTO,0.5981721607621739,0.658172160762174,0.4,semis
AMAT,0.59201556384908,0.6520155638490801,0.4,semis
DIOD,0.5835177515465387,0.6435177515465387,0.4,semis
OKTA,0.6379745835186813,0.6379745835186813,0.0,cyber
TSM,0.5772583455798945,0.6372583455798946,0.4,"ai,semis"
COHR,0.573402989889708,0.633402989889708,0.4,semis
SITM,0.5721186618593919,0.6321186618593919,0.4,semis
STM,0.5713178172361176,0.6313178172361176,0.4,semis
PANW,0.6310517542992489,0.6310517542992489,0.0,"tech,cyber"
CRWD,0.6289929988603301,0.6289929988603301,0.0,cyber
FCX,0.5974097890064433,0.6274097890064433,0.2,materials
AEHR,0.5668325688451316,0.6268325688451315,0.4,semis
NUE,0.5952056196786021,0.6252056196786021,0.2,materials
TGT,0.6247750989490063,0.6247750989490063,0.0,industrial_consumer
UCTT,0.564001852782998,0.624001852782998,0.4,semis
ADI,0.5568482032682976,0.6168482032682976,0.4,semis
LSCC,0.5498347851551639,0.609834785155164,0.4,semis
TXN,0.5489662445566176,0.6089662445566175,0.4,semis
NBIS,0.5614562733721056,0.6064562733721056,0.3,ai
QMCO,0.597848394199766,0.597848394199766,0.0,quantum
XOM,0.536223599465803,0.596223599465803,0.4,energy
ARM,0.5296609875383965,0.5896609875383965,0.4,"ai,semis"
MRNA,0.5834378194206843,0.5834378194206843,0.0,healthcare
ENTG,0.5197577593860054,0.5797577593860055,0.4,semis
MRK,0.57762012159959,0.57762012159959,0.0,healthcare
CVX,0.5076266069106347,0.5676266069106346,0.4,energy
KLAC,0.5067034612006251,0.5667034612006252,0.4,semis
STLD,0.5309447516608267,0.5609447516608267,0.2,materials
COP,0.4927412795470232,0.5527412795470232,0.4,energy
CSCO,0.5424700416939732,0.5424700416939732,0.0,tech
DE,0.5359223625930419,0.5359223625930419,0.0,industrial_consumer
SNOW,0.4878042859772289,0.532804285977229,0.3,"ai,tech"
SLB,0.46933665841457783,0.5293366584145778,0.4,energy
DDOG,0.5286792450897049,0.5286792450897049,0.0,tech
EOG,0.4673491943711145,0.5273491943711145,0.4,energy
CAT,0.5256097619143992,0.5256097619143992,0.0,industrial_consumer
DVN,0.46495069961308994,0.5249506996130899,0.4,energy
MPWR,0.46061242730099644,0.5206124273009964,0.4,semis
ON,0.4571578025628308,0.5171578025628307,0.4,semis
OXY,0.4514107273162481,0.511410727316248,0.4,energy
ET,0.4465293348475426,0.5065293348475426,0.4,energy
LNG,0.44551378414194304,0.505513784141943,0.4,energy
NET,0.47745471587975824,0.47745471587975824,0.0,cyber
ANET,0.4758366732974765,0.4758366732974765,0.0,tech
NVDA,0.40851764429293347,0.46851764429293347,0.4,"ai,quantum,semis"
OKE,0.40597262502949893,0.46597262502949893,0.4,energy
ESLT,0.41880703384464735,0.46380703384464733,0.3,defense
POWI,0.402354045326978,0.462354045326978,0.4,semis
AMGN,0.46210646635180175,0.46210646635180175,0.0,healthcare
FANG,0.3972329177893221,0.4572329177893221,0.4,energy
AMKR,0.3829297627405588,0.4429297627405588,0.4,semis
JNJ,0.43380960891125914,0.43380960891125914,0.0,healthcare
S,0.42997485895489423,0.42997485895489423,0.0,cyber
ACLS,0.3696123991552011,0.4296123991552011,0.4,semis
QLYS,0.42851441654154254,0.42851441654154254,0.0,cyber
SAIC,0.3834523034406616,0.4284523034406616,0.3,defense
ABNB,0.41903177342113085,0.41903177342113085,0.0,tech
GILD,0.41228100863560474,0.41228100863560474,0.0,healthcare
BKR,0.33931230614883,0.39931230614883,0.4,energy
EPD,0.33865197657344875,0.39865197657344875,0.4,energy
AIR,0.35163347351255664,0.3966334735125566,0.3,defense
CAMT,0.33244948419896714,0.39244948419896714,0.4,semis
KO,0.39132311014589977,0.39132311014589977,0.0,industrial_consumer
HAL,0.3267017726278154,0.3867017726278154,0.4,energy
GFS,0.32600785604153837,0.38600785604153837,0.4,semis
HXL,0.34045603982253503,0.385456039822535,0.3,defense
BMY,0.38527853470103457,0.38527853470103457,0.0,healthcare
TENB,0.3843076802776979,0.3843076802776979,0.0,cyber
RKLB,0.3334580492053322,0.37845804920533216,0.3,"defense,space"
QRVO,0.31591695477049414,0.37591695477049414,0.4,semis
AAPL,0.3687345389567222,0.3687345389567222,0.0,tech
WMB,0.30170267006092305,0.36170267006092305,0.4,energy
LUNR,0.3558321483859841,0.3558321483859841,0.0,space
WOLF,0.2891664680241642,0.3491664680241642,0.4,semis
KMI,0.2759155126468189,0.3359155126468189,0.4,energy
GOOGL,0.2869787409882582,0.3319787409882582,0.3,"ai,quantum,tech"
HWM,0.2869282461801952,0.3319282461801952,0.3,defense
MCHP,0.26336260912793386,0.32336260912793385,0.4,semis
GTLB,0.30346680363617695,0.30346680363617695,0.0,tech
MPLX,0.24276789969392706,0.30276789969392703,0.4,energy
C,0.33011099984189274,0.3001109998418927,-0.2,financials
LLY,0.29003007887939586,0.29003007887939586,0.0,healthcare
VRTX,0.2875626303401031,0.2875626303401031,0.0,healthcare
TEAM,0.28125668068653054,0.28125668068653054,0.0,tech
APD,0.24359478493095355,0.27359478493095357,0.2,materials
SBUX,0.2711031868181048,0.2711031868181048,0.0,industrial_consumer
SWKS,0.20857648355206532,0.2685764835520653,0.4,semis
MET,0.2827887094488585,0.25278870944885845,-0.2,financials
TDY,0.20600047523259768,0.25100047523259766,0.3,defense
RIOT,0.22090983872558362,0.2509098387255836,0.2,crypto
AMZN,0.204914818077926,0.24991481807792598,0.3,"ai,tech"
CACI,0.20135110190810598,0.246351101908106,0.3,defense
ABBV,0.2391319381725937,0.2391319381725937,0.0,healthcare
ESTC,0.2314016547203118,0.2314016547203118,0.0,tech
TMO,0.22687688842851791,0.22687688842851791,0.0,healthcare
MS,0.252237328977728,0.222237328977728,-0.2,financials
NVMI,0.14899304343998143,0.20899304343998143,0.4,semis
LIN,0.17007919509776154,0.20007919509776154,0.2,materials
PFE,0.19737307222797945,0.19737307222797945,0.0,healthcare
UNH,0.17182297348148123,0.17182297348148123,0.0,healthcare
ZM,0.15320435462564813,0.15320435462564813,0.0,tech
RTX,0.09921849936514578,0.14421849936514577,0.3,defense
REGN,0.14346867767716803,0.14346867767716803,0.0,healthcare
OSK,0.08710741540309591,0.1321074154030959,0.3,defense
MSFT,0.07760398152702642,0.12260398152702642,0.3,"ai,quantum,tech"
GM,0.1205198428412163,0.1205198428412163,0.0,industrial_consumer
AVGO,0.055625314727725125,0.11562531472772512,0.4,semis
GS,0.14454501518522428,0.11454501518522428,-0.2,financials
MRCY,0.06917832455320516,0.11417832455320516,0.3,defense
VRNS,0.11292538259893947,0.11292538259893947,0.0,cyber
JPM,0.13374550023542298,0.10374550023542298,-0.2,financials
SMCI,0.03919732459555207,0.09919732459555207,0.4,"ai,semis"
LMT,0.051744749027887185,0.09674474902788718,0.3,defense
UPS,0.09215797078100851,0.09215797078100851,0.0,industrial_consumer
GE,0.04654195932469515,0.09154195932469514,0.3,defense
TROW,0.11422634834964454,0.08422634834964454,-0.2,financials
NXPI,0.019463867076530555,0.07946386707653055,0.4,semis
META,0.03170982703176414,0.07670982703176414,0.3,"ai,tech"
QCOM,0.010157217184161016,0.07015721718416101,0.4,semis
SCHW,0.0999161943851892,0.0699161943851892,-0.2,financials
V,0.09371718367706133,0.06371718367706133,-0.2,financials
PRU,0.08906134246511861,0.05906134246511861,-0.2,financials
BAC,0.07501885741547558,0.04501885741547558,-0.2,financials
COST,0.040524803677903475,0.040524803677903475,0.0,industrial_consumer
PL,0.026172758703796206,0.026172758703796206,0.0,space
MMM,0.021371963255216654,0.021371963255216654,0.0,industrial_consumer
GD,-0.025300235411330016,0.019699764588669982,0.3,defense
PLTR,-0.03237782234998913,0.01262217765001087,0.3,ai
HON,0.009505663111191838,0.009505663111191838,0.0,"quantum,industrial_consumer"
DRS,-0.04508606873171764,-8.606873171763951e-05,0.3,defense
VSEC,-0.04794988012227555,-0.0029498801222755527,0.3,defense
U,-0.05240954588064668,-0.007409545880646684,0.3,ai
NDAQ,0.015820130202302836,-0.014179869797697163,-0.2,financials
CRM,-0.06394190929836177,-0.018941909298361773,0.3,"ai,tech"
PG,-0.021595668012844474,-0.021595668012844474,0.0,industrial_consumer
CW,-0.0683761328767781,-0.023376132876778102,0.3,defense
HEI,-0.06992446773022387,-0.024924467730223873,0.3,defense
CME,-0.0037174828423707784,-0.03371748284237078,-0.2,financials
SHW,-0.06437522716675195,-0.034375227166751954,0.2,materials
CRWV,-0.0824861951920415,-0.03748619519204151,0.3,ai
DOCU,-0.041908516273613965,-0.041908516273613965,0.0,tech
BLK,-0.02283101022831257,-0.05283101022831257,-0.2,financials
F,-0.0633048764264251,-0.0633048764264251,0.0,industrial_consumer
CI,-0.06598532906907109,-0.06598532906907109,0.0,healthcare
MA,-0.037265706182955306,-0.0672657061829553,-0.2,financials
ALB,-0.10436749195728087,-0.07436749195728087,0.2,materials
CRUS,-0.1522870555534581,-0.09228705555345809,0.4,semis
PATH,-0.14381347962892882,-0.09881347962892882,0.3,ai
DHR,-0.10387601348985073,-0.10387601348985073,0.0,healthcare
CLSK,-0.13650068198414145,-0.10650068198414145,0.2,crypto
BA,-0.16570451214827794,-0.12070451214827795,0.3,"defense,industrial_consumer"
DIS,-0.13598880161183202,-0.13598880161183202,0.0,industrial_consumer
WFC,-0.12035736692080734,-0.15035736692080734,-0.2,financials
ICE,-0.12462655416553078,-0.15462655416553078,-0.2,financials
WMT,-0.16157887595622766,-0.16157887595622766,0.0,industrial_consumer
MDT,-0.16541249581713677,-0.16541249581713677,0.0,healthcare
SHOP,-0.1680306393884457,-0.1680306393884457,0.0,tech
MDB,-0.18108070899900658,-0.18108070899900658,0.0,tech
HOOD,-0.2137075415864547,-0.1837075415864547,0.2,crypto
MARA,-0.2268980357944927,-0.1968980357944927,0.2,crypto
TXT,-0.27009739879092864,-0.22509739879092866,0.3,defense
PEP,-0.24381620278581634,-0.24381620278581634,0.0,industrial_consumer
HII,-0.2975807881982356,-0.2525807881982356,0.3,defense
ASTS,-0.2642231305345236,-0.2642231305345236,0.0,space
TDG,-0.32721998871319025,-0.28221998871319026,0.3,defense
TJX,-0.28959583701767133,-0.28959583701767133,0.0,industrial_consumer
COF,-0.26234018691993544,-0.29234018691993546,-0.2,financials
CTVA,-0.32659337656124554,-0.2965933765612455,0.2,materials
WDAY,-0.3217534242516444,-0.3217534242516444,0.0,tech
NOC,-0.36932737564679763,-0.32432737564679764,0.3,defense
AXP,-0.2963635286967848,-0.32636352869678475,-0.2,financials
NOW,-0.3720855316697367,-0.3270855316697367,0.3,"ai,tech"
LHX,-0.37927879663474884,-0.33427879663474885,0.3,defense
SPGI,-0.3118588056185289,-0.3418588056185289,-0.2,financials
CAE,-0.40522193425561526,-0.3602219342556153,0.3,defense
PYPL,-0.3312585854171722,-0.36125858541717215,-0.2,financials
IONQ,-0.36211598201050166,-0.36211598201050166,0.0,quantum
MP,-0.39352832705149937,-0.3635283270514994,0.2,materials
MSTR,-0.3967044896267711,-0.36670448962677105,0.2,crypto
BKNG,-0.40112083872676646,-0.40112083872676646,0.0,industrial_consumer
HD,-0.4050798432861301,-0.4050798432861301,0.0,industrial_consumer
SPOT,-0.4092801101474751,-0.4092801101474751,0.0,tech
SYK,-0.4131934805578965,-0.4131934805578965,0.0,healthcare
TSLA,-0.4598408364543303,-0.41484083645433034,0.3,ai
UBER,-0.4166826094588144,-0.4166826094588144,0.0,tech
BWXT,-0.46896992216901595,-0.42396992216901597,0.3,defense
INDI,-0.4940076531435119,-0.4340076531435119,0.4,semis
ABT,-0.43501160716019754,-0.43501160716019754,0.0,healthcare
MCD,-0.4405083429399242,-0.4405083429399242,0.0,industrial_consumer
IBM,-0.48819640379516926,-0.4431964037951693,0.3,"ai,quantum,tech"
BX,-0.42220369279174746,-0.45220369279174744,-0.2,financials
BAH,-0.5012909593010301,-0.4562909593010301,0.3,defense
ADBE,-0.5307969537251409,-0.4857969537251409,0.3,"ai,tech"
LOW,-0.4890964284383438,-0.4890964284383438,0.0,industrial_consumer
ISRG,-0.4893479236230622,-0.4893479236230622,0.0,healthcare
ZS,-0.49755830628355796,-0.49755830628355796,0.0,cyber
AXON,-0.5584620578860415,-0.5134620578860415,0.3,defense
AI,-0.5880961058037851,-0.5430961058037851,0.3,ai
KKR,-0.514134546425852,-0.544134546425852,-0.2,financials
ORCL,-0.6050939848233253,-0.5600939848233253,0.3,"ai,tech"
LDOS,-0.6088090509292869,-0.5638090509292869,0.3,defense
DUOL,-0.613918910054245,-0.568918910054245,0.3,ai
NFLX,-0.5763305971005429,-0.5763305971005429,0.0,tech
RPD,-0.5764900069731533,-0.5764900069731533,0.0,cyber
COIN,-0.6450862440953614,-0.6150862440953614,0.2,crypto
QBTS,-0.6451465044250404,-0.6451465044250404,0.0,quantum
QUBT,-0.6493791794456367,-0.6493791794456367,0.0,quantum
KTOS,-0.739441260554511,-0.6944412605545109,0.3,defense
ACHR,-0.7000223356357166,-0.7000223356357166,0.0,space
LAES,-0.7080262188188944,-0.7080262188188944,0.0,quantum
RGTI,-0.7096516873126568,-0.7096516873126568,0.0,quantum
AVAV,-0.7548786518714274,-0.7098786518714274,0.3,defense
ZTS,-0.7104451467095136,-0.7104451467095136,0.0,healthcare
HUBS,-0.7221900542218269,-0.7221900542218269,0.0,tech
SOUN,-0.7679122674457783,-0.7229122674457783,0.3,ai
NKE,-0.7285231563352983,-0.7285231563352983,0.0,industrial_consumer
APP,-0.7745164226790859,-0.7295164226790859,0.3,ai
BBAI,-0.7822331964322354,-0.7372331964322354,0.3,ai
BSX,-0.7451084722766287,-0.7451084722766287,0.0,healthcare
INTU,-0.7499031235809017,-0.7499031235809017,0.0,tech
RBLX,-0.7953352925312079,-0.7503352925312079,0.3,"ai,tech"
JOBY,-0.7827954561374151,-0.7827954561374151,0.0,space
